<?xml version="1.0" encoding="UTF-8"?>
<project-private xmlns="http://www.netbeans.org/ns/project-private/1">
    <editor-bookmarks xmlns="http://www.netbeans.org/ns/editor-bookmarks/2" lastBookmarkId="0"/>
    <open-files xmlns="http://www.netbeans.org/ns/projectui-open-files/2">
        <group>
            <file>file:/home/zurin/NetBeansProjects/TA_parkir/src/ta_parkir/koneksi.java</file>
            <file>file:/home/zurin/NetBeansProjects/TA_parkir/src/ta_parkir/fPendapatan.java</file>
            <file>file:/home/zurin/NetBeansProjects/TA_parkir/src/ta_parkir/TA_parkir.java</file>
            <file>file:/home/zurin/NetBeansProjects/TA_parkir/src/ta_parkir/fParkir.java</file>
            <file>file:/home/zurin/NetBeansProjects/TA_parkir/src/ta_parkir/utama.java</file>
        </group>
    </open-files>
</project-private>
